<ti:app xmlns:ti="http://ti.appcelerator.org">
    <sdk-version>1.1.0</sdk-version>
    <description>SimpLESS compiles .less files to .css‚</description>
    
    <id>com.wearekiss.simpless</id>
    <name>SimpLESS</name>
    <version>1.4</version>
    <publisher>KISS</publisher>
    <url>http://wearekiss.com</url>
    <icon>img/icon.png</icon>
    <copyright>2012 by Kiss</copyright>
    
    <window>
        <id>initial</id>
        <title>SimpLESS</title>
        <url>app://index.html</url>
        <width>700</width>
        <max-width>3000</max-width>
        <min-width>600</min-width>
        <height>500</height>
        <max-height>3000</max-height>
        <min-height>400</min-height>
        <fullscreen>false</fullscreen>
        <resizable>true</resizable>
        <chrome scrollbars="true">true</chrome>
        <maximizable>true</maximizable>
        <minimizable>true</minimizable>
        <closeable>true</closeable>
    </window>
</ti:app>